{
  "train_loss": [
    0.08979592788457667,
    0.08762133915648879,
    0.08729062629166712,
    0.08693033550251401,
    0.08661905412885304,
    0.08732604172530578,
    0.087237747693371,
    0.08716370811255104,
    0.08706901874393225,
    0.08690762809370042
  ],
  "val_loss": [
    0.08817370264357283,
    0.08822182804801082,
    0.08765275196264719,
    0.08749651072816994,
    0.08722813996194884,
    0.08794091653277855,
    0.08785199476334885,
    0.08806293924118726,
    0.08773521464744596,
    0.08757172399804793
  ],
  "val_auc": [
    0.723327714372345,
    0.7242740428172291,
    0.7305398252322074,
    0.732247137816608,
    0.735205353241093,
    0.7291573549894644,
    0.7293637638623147,
    0.7286918188032527,
    0.7301746578733355,
    0.7329173937936129
  ],
  "val_logloss": [
    0.08818283226369507,
    0.08823221045583138,
    0.08766084683957545,
    0.08750507959984677,
    0.08723707803844592,
    0.08794769431783932,
    0.08785994410915805,
    0.08807357382253608,
    0.08774554630166122,
    0.08758008334711714
  ],
  "learning_rates": [
    0.003,
    0.0027136209830652337,
    0.0019638709830652338,
    0.0010371290169347664,
    0.00028737901693476646,
    0.003,
    0.002926609246184583,
    0.0027136209830652337,
    0.0023818839858125635,
    0.0019638709830652338
  ],
  "best_epoch": 5,
  "best_val_loss": 0.08722813996194884,
  "swa_val_loss": 0.7250489278604056,
  "swa_val_auc": 0.5204021010786151,
  "swa_val_logloss": 0.7250492911464065
}