{
  "train_loss": [
    0.09038016979749054,
    0.08736859325005562,
    0.08697439723598586,
    0.08670923273116395,
    0.08657415356382381,
    0.08604050754445332,
    0.08591866161890252,
    0.08582200799237556,
    0.08576126462121389,
    0.08565590772232251,
    0.08540431937025787,
    0.08523720924481437,
    0.08522424670309274,
    0.08518250782468044,
    0.08512188673344509,
    0.08491221492362999,
    0.08488390894436366,
    0.08485556321827616,
    0.08484177697545671,
    0.08482424915504898
  ],
  "val_loss": [
    0.08768463465457464,
    0.08827936800203443,
    0.08727319729086033,
    0.08741573353822087,
    0.08722889644573381,
    0.0867493820099634,
    0.08665300372947929,
    0.08668155806181393,
    0.08672583315926498,
    0.08665544597549962,
    0.08660821452861477,
    0.08661961775793824,
    0.08671471696422661,
    0.08677963090875812,
    0.08666438337864985,
    0.0866888450634451,
    0.08667932281197185,
    0.08672203318512996,
    0.08670556628041798,
    0.08670731309885904
  ],
  "val_auc": [
    0.7266013902178601,
    0.7308166797179194,
    0.7335782903427794,
    0.7331640707369408,
    0.7340788559831934,
    0.7379334840060826,
    0.7383625083476646,
    0.7385684642130964,
    0.7383993056012244,
    0.7378866793442055,
    0.7387395609614402,
    0.7389544549285078,
    0.7386507358251727,
    0.7377630520336041,
    0.7377454140788879,
    0.7378311466295444,
    0.7375844793210522,
    0.7372108004386809,
    0.7372290664933472,
    0.7376148016908274
  ],
  "val_logloss": [
    0.08770319188938283,
    0.08830022528841724,
    0.08729168793914724,
    0.08743516696889908,
    0.0872472284308078,
    0.08676695709702115,
    0.08667159211928528,
    0.08670068199713145,
    0.08674440387660193,
    0.08667320154710742,
    0.0866262588040709,
    0.08663826399963283,
    0.0867327498560697,
    0.08679799771017566,
    0.08668130711562673,
    0.08670672882256308,
    0.08669755280023544,
    0.08674057283629114,
    0.08672390089023141,
    0.08672532120327868
  ],
  "learning_rates": [
    0.001,
    0.001,
    0.001,
    0.001,
    0.001,
    0.0005,
    0.0005,
    0.0005,
    0.0005,
    0.0005,
    0.00025,
    0.00025,
    0.00025,
    0.00025,
    0.00025,
    0.000125,
    0.000125,
    0.000125,
    0.000125,
    0.000125
  ],
  "best_epoch": 11,
  "best_val_loss": 72.49107556045055
}