{
  "train_loss": [
    0.0896423529662496,
    0.08761197326508459,
    0.0872860486036306,
    0.08694963085268732,
    0.08661561914193792,
    0.08736207762251602,
    0.0872820942935084,
    0.08719871023853569,
    0.08710171110440224,
    0.08697647611186111
  ],
  "val_loss": [
    0.08832240826983488,
    0.08803720266081905,
    0.08773654562826375,
    0.08741230256002368,
    0.08725658269556424,
    0.08794982128470909,
    0.08791477392420514,
    0.08774447520725599,
    0.087811965239412,
    0.08772987809800009
  ],
  "val_auc": [
    0.7226519158021174,
    0.7270682211031712,
    0.7299471025052551,
    0.7331116678542958,
    0.7351982003558042,
    0.7279467182413712,
    0.7275386206275194,
    0.7301522753788708,
    0.7291970127027538,
    0.7321525768844247
  ],
  "val_logloss": [
    0.08833169117027091,
    0.08804427098106725,
    0.08774431716205598,
    0.08742088624882781,
    0.08726501598686641,
    0.08796006285612483,
    0.0879243450109011,
    0.08775350034968414,
    0.08782143755280375,
    0.08773994637771043
  ],
  "learning_rates": [
    0.003,
    0.0027136209830652337,
    0.0019638709830652338,
    0.0010371290169347664,
    0.00028737901693476646,
    0.003,
    0.002926609246184583,
    0.0027136209830652337,
    0.0023818839858125635,
    0.0019638709830652338
  ],
  "best_epoch": 5,
  "best_val_loss": 0.08725658269556424,
  "swa_val_loss": 0.6274264313792455,
  "swa_val_auc": 0.46063844100509316,
  "swa_val_logloss": 0.6274258044461174
}