{
  "train_loss": [
    0.08971675515307911,
    0.08756291119026996,
    0.08725010369885333,
    0.08690752665873389,
    0.08660984987893529,
    0.08736957269277246,
    0.08729813352138513,
    0.08720652674179093,
    0.08705081791635982,
    0.08695243653480192
  ],
  "val_loss": [
    0.08880970314258838,
    0.08786102793826402,
    0.0878580013531765,
    0.08751792085307245,
    0.08719574984248357,
    0.08786536935176559,
    0.08789429085627767,
    0.08795682448922222,
    0.08759974011483083,
    0.08763611845615256
  ],
  "val_auc": [
    0.7226895063106094,
    0.7281642805468725,
    0.7295710329880483,
    0.7315826898270466,
    0.7354028770485876,
    0.7296091187545026,
    0.7292165611570112,
    0.7267618233945325,
    0.7304109969526194,
    0.7326587965073257
  ],
  "val_logloss": [
    0.08881992407594669,
    0.08787059336277647,
    0.0878665094919938,
    0.08752758329810172,
    0.0872052218471858,
    0.08787508414154419,
    0.08790485906192758,
    0.0879666687022033,
    0.08760867722270921,
    0.08764574397371969
  ],
  "learning_rates": [
    0.003,
    0.0027136209830652337,
    0.0019638709830652338,
    0.0010371290169347664,
    0.00028737901693476646,
    0.003,
    0.002926609246184583,
    0.0027136209830652337,
    0.0023818839858125635,
    0.0019638709830652338
  ],
  "best_epoch": 5,
  "best_val_loss": 0.08719574984248357,
  "swa_val_loss": 0.6784173887194568,
  "swa_val_auc": 0.4439255666936148,
  "swa_val_logloss": 0.6784171754283268
}