{
  "train_loss": [
    0.008940772690909909,
    0.008522661434552197,
    0.008498980329153215,
    0.008466757402532093,
    0.008441037623110426,
    0.008499166964972476
  ],
  "val_loss": [
    0.16294505610352472,
    0.1668925444994654,
    0.16966544403916314,
    0.1634792508823531,
    0.1662018956173034,
    0.16930380059140068
  ],
  "val_auc": [
    0.7160896784317701,
    0.7152776590635256,
    0.7208349440791544,
    0.7208036865731566,
    0.7237626091207637,
    0.7182963000076238
  ],
  "val_logloss": [
    0.1630010886179102,
    0.16694604694188042,
    0.16971916265384615,
    0.16353197207668782,
    0.16625644189659625,
    0.1693609338656445
  ],
  "learning_rates": [
    0.003,
    0.0027136209830652337,
    0.0019638709830652338,
    0.0010371290169347664,
    0.00028737901693476646,
    0.003
  ],
  "best_epoch": 1,
  "best_val_loss": 0.16294505610352472
}