{
  "train_loss": [
    0.008889809270872018,
    0.008532291925381436,
    0.008507575486545621,
    0.008479327332502307,
    0.008458919193010022,
    0.008506209587314247,
    0.008485162964405785,
    0.008480366471391092,
    0.008472628354273617,
    0.008467709236470475,
    0.008459451733890741
  ],
  "val_loss": [
    0.16685966239089056,
    0.17070961332037335,
    0.16738123893737794,
    0.17112848332950048,
    0.1678425561104502,
    0.16303917460498354,
    0.16938030059848513,
    0.17331441953068688,
    0.1665191397780464,
    0.1689059974891799,
    0.1642150613523665
  ],
  "val_auc": [
    0.7139872521528139,
    0.7101281060465776,
    0.7164065204401613,
    0.7195648857540172,
    0.7202856135533405,
    0.7172234665882287,
    0.7160706339874037,
    0.7150612483798346,
    0.7182214773916382,
    0.7177987711148721,
    0.7172340232025277
  ],
  "val_logloss": [
    0.1669141195588699,
    0.17076556329673803,
    0.16743549437054328,
    0.17118387717756034,
    0.16789609942505151,
    0.1630947160923655,
    0.16943237039997253,
    0.17336839200329673,
    0.16657385167845928,
    0.16896108254443862,
    0.1642706040807417
  ],
  "learning_rates": [
    0.003,
    0.0027136209830652337,
    0.0019638709830652338,
    0.0010371290169347664,
    0.00028737901693476646,
    0.003,
    0.002926609246184583,
    0.0027136209830652337,
    0.0023818839858125635,
    0.0019638709830652338,
    0.0015004999999999999
  ],
  "best_epoch": 6,
  "best_val_loss": 0.16303917460498354
}