{
  "train_loss": [
    0.16694290312738683,
    0.09159919926441905,
    0.09149234126581002,
    0.09141749708326,
    0.09135090493282695,
    0.09157665451937168,
    0.0915076915182632,
    0.09147219627209782,
    0.09142120025909631,
    0.09141185226397402
  ],
  "val_loss": [
    0.09262436332593438,
    0.09256860107638454,
    0.0925012401497091,
    0.09239762384472912,
    0.09238198541730415,
    0.09264024182130362,
    0.09249330272201363,
    0.09241454678637381,
    0.09248551424905543,
    0.09250800971311467
  ],
  "val_auc": [
    0.6478910676817651,
    0.6488374361330457,
    0.652017061329402,
    0.6522223157385455,
    0.6528684007229026,
    0.6501405311703324,
    0.6518617816233511,
    0.6516255782520396,
    0.6518312271187153,
    0.6522352531703904
  ],
  "val_logloss": [
    0.09263543652755438,
    0.09257937004973672,
    0.09251189722383814,
    0.09240804959999575,
    0.09239266887245369,
    0.09265133208132077,
    0.09250400810257281,
    0.09242509129694863,
    0.09249604844908091,
    0.09251891018098839
  ],
  "learning_rates": [
    0.003,
    0.0027136209830652337,
    0.0019638709830652338,
    0.0010371290169347664,
    0.00028737901693476646,
    0.003,
    0.002926609246184583,
    0.0027136209830652337,
    0.0023818839858125635,
    0.0019638709830652338
  ],
  "best_epoch": 5,
  "best_val_loss": 0.09238198541730415,
  "swa_val_loss": 4.17270100753726,
  "swa_val_auc": 0.5099123821590089,
  "swa_val_logloss": 1.8386637201264058
}