{
  "train_loss": [
    0.096649891916354,
    0.08771722542315785,
    0.08729575386156195,
    0.08699913762683828,
    0.08681316911035282,
    0.0872028225324969,
    0.08705356641180197,
    0.0869296264781314,
    0.08682076303948769,
    0.08670918138859884
  ],
  "val_loss": [
    0.08825509841660507,
    0.08787022866593062,
    0.08754679594786112,
    0.08745214866317866,
    0.08725376518173072,
    0.08754092153474574,
    0.0874404332792486,
    0.08743314388144108,
    0.087297169648054,
    0.0874364431805283
  ],
  "val_auc": [
    0.7221749519064143,
    0.7260590024184304,
    0.7311736284604876,
    0.7328357523203893,
    0.7344776821787593,
    0.7322617079201067,
    0.7334834533416761,
    0.7335444707561413,
    0.7349001101576635,
    0.735000656568183
  ],
  "val_logloss": [
    0.08826351921221902,
    0.08787760548750863,
    0.08755529733949437,
    0.08746187288656039,
    0.08726292773179842,
    0.08754977573268634,
    0.0874481117474421,
    0.08744265017177015,
    0.08730606499999176,
    0.08744596894923659
  ],
  "learning_rates": [
    0.003,
    0.0027136209830652337,
    0.0019638709830652338,
    0.0010371290169347664,
    0.00028737901693476646,
    0.003,
    0.002926609246184583,
    0.0027136209830652337,
    0.0023818839858125635,
    0.0019638709830652338
  ],
  "best_epoch": 5,
  "best_val_loss": 0.08725376518173072,
  "swa_val_loss": 0.7222489523523636,
  "swa_val_auc": 0.5772812068245732,
  "swa_val_logloss": 0.7222490593757765
}