{
  "train_loss": [
    0.090596602733085,
    0.08747072882607392,
    0.08709460927437361,
    0.08685048433433766,
    0.08665319143371958,
    0.08612518255792011,
    0.08600201766249917,
    0.08591578955925196,
    0.08582552775041435,
    0.08576799646238153,
    0.08542166251045676,
    0.08535049809838795,
    0.08530860584178017,
    0.08530368969329837,
    0.08521221243334935,
    0.08505034016515421,
    0.08501402061661952,
    0.08495259021107693,
    0.08491756027988595,
    0.08494592043395821
  ],
  "val_loss": [
    0.08769423820372123,
    0.08755117230642512,
    0.08716897686482758,
    0.08713750299088559,
    0.08702699856091571,
    0.08686013018162732,
    0.08676385308483453,
    0.08668540228100376,
    0.08670901390529163,
    0.08683395788536419,
    0.08654234470663817,
    0.08660571537956399,
    0.0866247400231971,
    0.08657220472429246,
    0.08665618821622507,
    0.0865696243354283,
    0.08653411503743243,
    0.08656422786298903,
    0.08667710616632744,
    0.08665813728187816
  ],
  "val_auc": [
    0.724965756024039,
    0.73103326664523,
    0.73201681417925,
    0.7328724165154836,
    0.735210803778453,
    0.7373162339416407,
    0.7367498340192973,
    0.7382659798112363,
    0.7387313736293708,
    0.7375653390121825,
    0.7393564224151299,
    0.738782628610182,
    0.7389897996528239,
    0.7386431837018419,
    0.7388240350391949,
    0.7387445910858415,
    0.7388257423075727,
    0.7388055303012953,
    0.7383691947654496,
    0.7383138574383308
  ],
  "val_logloss": [
    0.08771339465269988,
    0.08756874733758045,
    0.08718778609191431,
    0.08715749082067246,
    0.08704608769471861,
    0.08687909931554497,
    0.08678198907000519,
    0.08670407046130545,
    0.0867282090963917,
    0.08685379346862006,
    0.08656343682630871,
    0.08662682371287021,
    0.08664566782535535,
    0.08659267439262593,
    0.08667703681065077,
    0.08659071470810346,
    0.08655553743907851,
    0.08658629022918592,
    0.08669914728904277,
    0.08668018773335039
  ],
  "learning_rates": [
    0.001,
    0.001,
    0.001,
    0.001,
    0.001,
    0.0005,
    0.0005,
    0.0005,
    0.0005,
    0.0005,
    0.00025,
    0.00025,
    0.00025,
    0.00025,
    0.00025,
    0.000125,
    0.000125,
    0.000125,
    0.000125,
    0.000125
  ],
  "best_epoch": 17,
  "best_val_loss": 72.42905428633094
}